,time,cell,cell_state,tumor_debris,X,Y,experiment_id
0,0.0,dendritic_0,inactive,0.0,!units[601.696858336679 micrometer],!units[417.658951574286 micrometer],tumor_tcell_20230626.211422
1,0.0,dendritic_1,active,0.0,!units[595.9650747972248 micrometer],!units[414.8644117081974 micrometer],tumor_tcell_20230626.211422
2,0.0,dendritic_2,active,0.0,!units[412.93136331868845 micrometer],!units[684.1091405110631 micrometer],tumor_tcell_20230626.211422
3,0.0,dendritic_3,inactive,0.0,!units[786.6177755112415 micrometer],!units[771.0883193386999 micrometer],tumor_tcell_20230626.211422
4,600.0,dendritic_0,inactive,0.0,!units[596.6144977341149 micrometer],!units[418.0695652332565 micrometer],tumor_tcell_20230626.211422
5,600.0,dendritic_3,inactive,0.0,!units[789.5190274916081 micrometer],!units[771.1298339630437 micrometer],tumor_tcell_20230626.211422
6,1200.0,dendritic_0,inactive,0.0,!units[596.6019610785818 micrometer],!units[418.07650981051984 micrometer],tumor_tcell_20230626.211422
7,1200.0,dendritic_3,inactive,0.0,!units[789.5190274916081 micrometer],!units[771.1298339630437 micrometer],tumor_tcell_20230626.211422
8,1800.0,dendritic_0,inactive,0.0,!units[596.2083918974309 micrometer],!units[418.24659422353693 micrometer],tumor_tcell_20230626.211422
9,1800.0,dendritic_3,inactive,0.0,!units[789.5190274916081 micrometer],!units[771.1298339630437 micrometer],tumor_tcell_20230626.211422
10,2400.0,dendritic_0,inactive,0.0,!units[596.1606031981391 micrometer],!units[418.2400323961678 micrometer],tumor_tcell_20230626.211422
11,2400.0,dendritic_3,inactive,0.0,!units[789.5190274916081 micrometer],!units[771.1298339630437 micrometer],tumor_tcell_20230626.211422
12,3000.0,dendritic_0,inactive,0.0,!units[596.1606031981391 micrometer],!units[418.2400323961678 micrometer],tumor_tcell_20230626.211422
13,3000.0,dendritic_3,inactive,0.0,!units[789.5190274916081 micrometer],!units[771.1298339630437 micrometer],tumor_tcell_20230626.211422
14,3600.0,dendritic_0,inactive,0.0,!units[596.1606031981391 micrometer],!units[418.2400323961678 micrometer],tumor_tcell_20230626.211422
15,3600.0,dendritic_3,inactive,0.0,!units[789.5190274916081 micrometer],!units[771.1298339630437 micrometer],tumor_tcell_20230626.211422
16,4200.0,dendritic_0,inactive,0.0,!units[596.1606031981391 micrometer],!units[418.2400323961678 micrometer],tumor_tcell_20230626.211422
17,4200.0,dendritic_3,inactive,0.0,!units[789.5190274916081 micrometer],!units[771.1298339630437 micrometer],tumor_tcell_20230626.211422
18,4800.0,dendritic_0,inactive,0.0,!units[596.1606031981391 micrometer],!units[418.2400323961678 micrometer],tumor_tcell_20230626.211422
19,4800.0,dendritic_3,inactive,0.0,!units[789.5190274916081 micrometer],!units[771.1298339630437 micrometer],tumor_tcell_20230626.211422
20,5400.0,dendritic_0,inactive,0.0,!units[596.1606031981391 micrometer],!units[418.2400323961678 micrometer],tumor_tcell_20230626.211422
21,5400.0,dendritic_3,inactive,0.0,!units[789.5190274916081 micrometer],!units[771.1298339630437 micrometer],tumor_tcell_20230626.211422
22,6000.0,dendritic_0,inactive,0.0,!units[596.1606031981391 micrometer],!units[418.2400323961678 micrometer],tumor_tcell_20230626.211422
23,6000.0,dendritic_3,inactive,0.0,!units[789.5190274916081 micrometer],!units[771.1298339630437 micrometer],tumor_tcell_20230626.211422
24,6600.0,dendritic_0,inactive,0.0,!units[596.1606031981391 micrometer],!units[418.2400323961678 micrometer],tumor_tcell_20230626.211422
25,6600.0,dendritic_3,inactive,0.0,!units[789.5190274916081 micrometer],!units[771.1298339630437 micrometer],tumor_tcell_20230626.211422
26,7200.0,dendritic_0,inactive,0.0,!units[596.1606031981391 micrometer],!units[418.2400323961678 micrometer],tumor_tcell_20230626.211422
27,7200.0,dendritic_3,inactive,0.0,!units[789.5190274916081 micrometer],!units[771.1298339630437 micrometer],tumor_tcell_20230626.211422
28,7800.0,dendritic_0,inactive,0.0,!units[596.1606031981391 micrometer],!units[418.2400323961678 micrometer],tumor_tcell_20230626.211422
29,7800.0,dendritic_3,inactive,0.0,!units[789.5190274916081 micrometer],!units[771.1298339630437 micrometer],tumor_tcell_20230626.211422
30,8400.0,dendritic_0,inactive,0.0,!units[596.1606031981391 micrometer],!units[418.2400323961678 micrometer],tumor_tcell_20230626.211422
31,8400.0,dendritic_3,inactive,0.0,!units[789.5190274916081 micrometer],!units[771.1298339630437 micrometer],tumor_tcell_20230626.211422
32,9000.0,dendritic_0,inactive,0.0,!units[596.1606031981391 micrometer],!units[418.2400323961678 micrometer],tumor_tcell_20230626.211422
33,9000.0,dendritic_3,inactive,0.0,!units[789.5190274916081 micrometer],!units[771.1298339630437 micrometer],tumor_tcell_20230626.211422
34,9600.0,dendritic_0,inactive,0.0,!units[596.1606031981391 micrometer],!units[418.2400323961678 micrometer],tumor_tcell_20230626.211422
35,9600.0,dendritic_3,inactive,0.0,!units[789.5190274916081 micrometer],!units[771.1298339630437 micrometer],tumor_tcell_20230626.211422
36,10200.0,dendritic_0,inactive,0.0,!units[596.1606031981391 micrometer],!units[418.2400323961678 micrometer],tumor_tcell_20230626.211422
37,10200.0,dendritic_3,inactive,0.0,!units[789.5190274916081 micrometer],!units[771.1298339630437 micrometer],tumor_tcell_20230626.211422
38,10800.0,dendritic_0,inactive,0.0,!units[596.1606031981391 micrometer],!units[418.2400323961678 micrometer],tumor_tcell_20230626.211422
39,10800.0,dendritic_3,inactive,0.0,!units[789.5190274916081 micrometer],!units[771.1298339630437 micrometer],tumor_tcell_20230626.211422
40,11400.0,dendritic_0,inactive,0.0,!units[596.1606031981391 micrometer],!units[418.2400323961678 micrometer],tumor_tcell_20230626.211422
41,11400.0,dendritic_3,inactive,0.0,!units[789.5190274916081 micrometer],!units[771.1298339630437 micrometer],tumor_tcell_20230626.211422
42,12000.0,dendritic_0,inactive,0.0,!units[596.1606031981391 micrometer],!units[418.2400323961678 micrometer],tumor_tcell_20230626.211422
43,12000.0,dendritic_3,inactive,0.0,!units[789.6519742046577 micrometer],!units[771.3300505111398 micrometer],tumor_tcell_20230626.211422
44,12600.0,dendritic_0,inactive,0.0,!units[596.1606031981391 micrometer],!units[418.2400323961678 micrometer],tumor_tcell_20230626.211422
45,12600.0,dendritic_3,inactive,0.0,!units[789.6519742046577 micrometer],!units[771.3300505111398 micrometer],tumor_tcell_20230626.211422
46,13200.0,dendritic_0,inactive,0.0,!units[596.1606031981391 micrometer],!units[418.2400323961678 micrometer],tumor_tcell_20230626.211422
47,13200.0,dendritic_3,inactive,0.0,!units[789.6519742046577 micrometer],!units[771.3300505111398 micrometer],tumor_tcell_20230626.211422
48,13800.0,dendritic_0,inactive,0.0,!units[596.1606031981391 micrometer],!units[418.2400323961678 micrometer],tumor_tcell_20230626.211422
49,13800.0,dendritic_3,inactive,0.0,!units[789.6519742046577 micrometer],!units[771.3300505111398 micrometer],tumor_tcell_20230626.211422
50,14400.0,dendritic_0,inactive,0.0,!units[596.1606031981391 micrometer],!units[418.2400323961678 micrometer],tumor_tcell_20230626.211422
51,14400.0,dendritic_3,inactive,0.0,!units[789.6519742046577 micrometer],!units[771.3300505111398 micrometer],tumor_tcell_20230626.211422
52,15000.0,dendritic_0,inactive,0.0,!units[596.1606031981391 micrometer],!units[418.2400323961678 micrometer],tumor_tcell_20230626.211422
53,15000.0,dendritic_3,inactive,0.0,!units[789.6519742046577 micrometer],!units[771.3300505111398 micrometer],tumor_tcell_20230626.211422
54,15600.0,dendritic_0,inactive,0.0,!units[596.1606031981391 micrometer],!units[418.2400323961678 micrometer],tumor_tcell_20230626.211422
55,15600.0,dendritic_3,inactive,0.0,!units[789.6519742046577 micrometer],!units[771.3300505111398 micrometer],tumor_tcell_20230626.211422
56,16200.0,dendritic_0,inactive,0.0,!units[596.1606031981391 micrometer],!units[418.2400323961678 micrometer],tumor_tcell_20230626.211422
57,16200.0,dendritic_3,inactive,0.0,!units[789.6519742046577 micrometer],!units[771.3300505111398 micrometer],tumor_tcell_20230626.211422
58,16800.0,dendritic_0,inactive,0.0,!units[596.1606031981391 micrometer],!units[418.2400323961678 micrometer],tumor_tcell_20230626.211422
59,16800.0,dendritic_3,inactive,0.0,!units[789.6519742046577 micrometer],!units[771.3300505111398 micrometer],tumor_tcell_20230626.211422
60,17400.0,dendritic_0,inactive,0.0,!units[596.1606031981391 micrometer],!units[418.2400323961678 micrometer],tumor_tcell_20230626.211422
61,17400.0,dendritic_3,inactive,0.0,!units[789.6519742046577 micrometer],!units[771.3300505111398 micrometer],tumor_tcell_20230626.211422
62,18000.0,dendritic_0,inactive,0.0,!units[596.1606031981391 micrometer],!units[418.2400323961678 micrometer],tumor_tcell_20230626.211422
63,18000.0,dendritic_3,inactive,0.0,!units[790.0308689965583 micrometer],!units[771.2521382931178 micrometer],tumor_tcell_20230626.211422
64,18600.0,dendritic_0,inactive,0.0,!units[596.1606031981391 micrometer],!units[418.2400323961678 micrometer],tumor_tcell_20230626.211422
65,18600.0,dendritic_3,inactive,0.0,!units[789.9769943229882 micrometer],!units[770.9561587345662 micrometer],tumor_tcell_20230626.211422
66,19200.0,dendritic_0,inactive,0.0,!units[596.1606031981391 micrometer],!units[418.2400323961678 micrometer],tumor_tcell_20230626.211422
67,19200.0,dendritic_3,inactive,0.0,!units[791.1977490792384 micrometer],!units[766.7673010632749 micrometer],tumor_tcell_20230626.211422
68,19800.0,dendritic_0,inactive,0.0,!units[596.1606031981391 micrometer],!units[418.2400323961678 micrometer],tumor_tcell_20230626.211422
69,19800.0,dendritic_3,inactive,0.0,!units[791.5773444158414 micrometer],!units[763.8541485966913 micrometer],tumor_tcell_20230626.211422
70,20400.0,dendritic_0,inactive,0.0,!units[596.1606031981391 micrometer],!units[418.2400323961678 micrometer],tumor_tcell_20230626.211422
71,20400.0,dendritic_3,inactive,0.0,!units[791.5773444158414 micrometer],!units[763.8541485966913 micrometer],tumor_tcell_20230626.211422
72,21000.0,dendritic_0,inactive,0.0,!units[596.1606031981391 micrometer],!units[418.2400323961678 micrometer],tumor_tcell_20230626.211422
73,21000.0,dendritic_3,inactive,0.0,!units[791.5773444158414 micrometer],!units[763.8541485966913 micrometer],tumor_tcell_20230626.211422
74,21600.0,dendritic_0,inactive,0.0,!units[596.1606031981391 micrometer],!units[418.2400323961678 micrometer],tumor_tcell_20230626.211422
75,21600.0,dendritic_3,inactive,0.0,!units[791.5773444158414 micrometer],!units[763.8541485966913 micrometer],tumor_tcell_20230626.211422
76,22200.0,dendritic_0,inactive,0.0,!units[596.1606031981391 micrometer],!units[418.2400323961678 micrometer],tumor_tcell_20230626.211422
77,22200.0,dendritic_3,inactive,0.0,!units[791.5773444158414 micrometer],!units[763.8541485966913 micrometer],tumor_tcell_20230626.211422
78,22800.0,dendritic_0,inactive,0.0,!units[596.1606031981391 micrometer],!units[418.2400323961678 micrometer],tumor_tcell_20230626.211422
79,22800.0,dendritic_3,inactive,0.0,!units[791.5773444158414 micrometer],!units[763.8541485966913 micrometer],tumor_tcell_20230626.211422
80,23400.0,dendritic_0,inactive,0.0,!units[596.1606031981391 micrometer],!units[418.2400323961678 micrometer],tumor_tcell_20230626.211422
81,23400.0,dendritic_3,inactive,0.0,!units[791.5773444158414 micrometer],!units[763.8541485966913 micrometer],tumor_tcell_20230626.211422
82,24000.0,dendritic_0,inactive,0.0,!units[596.1606031981391 micrometer],!units[418.2400323961678 micrometer],tumor_tcell_20230626.211422
83,24000.0,dendritic_3,inactive,0.0,!units[791.5773444158414 micrometer],!units[763.8541485966913 micrometer],tumor_tcell_20230626.211422
84,24600.0,dendritic_0,inactive,0.0,!units[596.1606031981391 micrometer],!units[418.2400323961678 micrometer],tumor_tcell_20230626.211422
85,24600.0,dendritic_3,inactive,0.0,!units[791.5773444158414 micrometer],!units[763.8541485966913 micrometer],tumor_tcell_20230626.211422
86,25200.0,dendritic_0,inactive,0.0,!units[596.1606031981391 micrometer],!units[418.2400323961678 micrometer],tumor_tcell_20230626.211422
87,25200.0,dendritic_3,inactive,0.0,!units[791.5773444158414 micrometer],!units[763.8541485966913 micrometer],tumor_tcell_20230626.211422
88,25800.0,dendritic_0,inactive,0.0,!units[596.1606031981391 micrometer],!units[418.2400323961678 micrometer],tumor_tcell_20230626.211422
89,25800.0,dendritic_3,inactive,0.0,!units[791.5773444158414 micrometer],!units[763.8541485966913 micrometer],tumor_tcell_20230626.211422
90,26400.0,dendritic_0,inactive,0.0,!units[596.1606031981391 micrometer],!units[418.2400323961678 micrometer],tumor_tcell_20230626.211422
91,26400.0,dendritic_3,inactive,0.0,!units[791.5773444158414 micrometer],!units[763.8541485966913 micrometer],tumor_tcell_20230626.211422
92,27000.0,dendritic_0,inactive,0.0,!units[596.1606031981391 micrometer],!units[418.2400323961678 micrometer],tumor_tcell_20230626.211422
93,27000.0,dendritic_3,inactive,0.0,!units[791.5773444158414 micrometer],!units[763.8541485966913 micrometer],tumor_tcell_20230626.211422
94,27600.0,dendritic_0,inactive,0.0,!units[596.1606031981391 micrometer],!units[418.2400323961678 micrometer],tumor_tcell_20230626.211422
95,27600.0,dendritic_3,inactive,0.0,!units[791.5773444158414 micrometer],!units[763.8541485966913 micrometer],tumor_tcell_20230626.211422
96,28200.0,dendritic_0,inactive,0.0,!units[596.1606031981391 micrometer],!units[418.2400323961678 micrometer],tumor_tcell_20230626.211422
97,28200.0,dendritic_3,inactive,0.0,!units[791.5773444158414 micrometer],!units[763.8541485966913 micrometer],tumor_tcell_20230626.211422
98,28800.0,dendritic_0,inactive,0.0,!units[596.1606031981391 micrometer],!units[418.2400323961678 micrometer],tumor_tcell_20230626.211422
99,28800.0,dendritic_3,inactive,0.0,!units[791.5773444158414 micrometer],!units[763.8541485966913 micrometer],tumor_tcell_20230626.211422
100,29400.0,dendritic_0,inactive,0.0,!units[596.1606031981391 micrometer],!units[418.2400323961678 micrometer],tumor_tcell_20230626.211422
101,29400.0,dendritic_3,inactive,0.0,!units[791.5773444158414 micrometer],!units[763.8541485966913 micrometer],tumor_tcell_20230626.211422
102,30000.0,dendritic_0,inactive,0.0,!units[596.1606031981391 micrometer],!units[418.2400323961678 micrometer],tumor_tcell_20230626.211422
103,30000.0,dendritic_3,inactive,0.0,!units[791.5773444158414 micrometer],!units[763.8541485966913 micrometer],tumor_tcell_20230626.211422
104,30600.0,dendritic_0,inactive,0.0,!units[596.1606031981391 micrometer],!units[418.2400323961678 micrometer],tumor_tcell_20230626.211422
105,30600.0,dendritic_3,inactive,0.0,!units[791.5773444158414 micrometer],!units[763.8541485966913 micrometer],tumor_tcell_20230626.211422
106,31200.0,dendritic_0,inactive,0.0,!units[596.1606031981391 micrometer],!units[418.2400323961678 micrometer],tumor_tcell_20230626.211422
107,31200.0,dendritic_3,inactive,0.0,!units[791.5773444158414 micrometer],!units[763.8541485966913 micrometer],tumor_tcell_20230626.211422
108,31800.0,dendritic_0,inactive,0.0,!units[596.1606031981391 micrometer],!units[418.2400323961678 micrometer],tumor_tcell_20230626.211422
109,31800.0,dendritic_3,inactive,0.0,!units[791.5773444158414 micrometer],!units[763.8541485966913 micrometer],tumor_tcell_20230626.211422
110,32400.0,dendritic_0,inactive,0.0,!units[596.1606031981391 micrometer],!units[418.2400323961678 micrometer],tumor_tcell_20230626.211422
111,32400.0,dendritic_3,inactive,0.0,!units[791.5773444158414 micrometer],!units[763.8541485966913 micrometer],tumor_tcell_20230626.211422
112,33000.0,dendritic_0,inactive,0.0,!units[596.1606031981391 micrometer],!units[418.2400323961678 micrometer],tumor_tcell_20230626.211422
113,33000.0,dendritic_3,inactive,0.0,!units[791.5773444158414 micrometer],!units[763.8541485966913 micrometer],tumor_tcell_20230626.211422
114,33600.0,dendritic_0,inactive,0.0,!units[596.1606031981391 micrometer],!units[418.2400323961678 micrometer],tumor_tcell_20230626.211422
115,33600.0,dendritic_3,inactive,0.0,!units[791.5773444158414 micrometer],!units[763.8541485966913 micrometer],tumor_tcell_20230626.211422
116,34200.0,dendritic_0,inactive,0.0,!units[596.1606031981391 micrometer],!units[418.2400323961678 micrometer],tumor_tcell_20230626.211422
117,34200.0,dendritic_3,inactive,0.0,!units[791.5773444158414 micrometer],!units[763.8541485966913 micrometer],tumor_tcell_20230626.211422
118,34800.0,dendritic_0,inactive,0.0,!units[596.1606031981391 micrometer],!units[418.2400323961678 micrometer],tumor_tcell_20230626.211422
119,34800.0,dendritic_3,inactive,0.0,!units[791.5773444158414 micrometer],!units[763.8541485966913 micrometer],tumor_tcell_20230626.211422
120,35400.0,dendritic_0,inactive,0.0,!units[596.1606031981391 micrometer],!units[418.2400323961678 micrometer],tumor_tcell_20230626.211422
121,35400.0,dendritic_3,inactive,0.0,!units[791.5773444158414 micrometer],!units[763.8541485966913 micrometer],tumor_tcell_20230626.211422
122,36000.0,dendritic_0,inactive,0.0,!units[596.1606031981391 micrometer],!units[418.2400323961678 micrometer],tumor_tcell_20230626.211422
123,36000.0,dendritic_3,inactive,0.0,!units[791.5773444158414 micrometer],!units[763.8541485966913 micrometer],tumor_tcell_20230626.211422
124,36600.0,dendritic_0,inactive,0.0,!units[596.1606031981391 micrometer],!units[418.2400323961678 micrometer],tumor_tcell_20230626.211422
125,36600.0,dendritic_3,inactive,0.0,!units[791.5773444158414 micrometer],!units[763.8541485966913 micrometer],tumor_tcell_20230626.211422
126,37200.0,dendritic_0,inactive,0.0,!units[596.1606031981391 micrometer],!units[418.2400323961678 micrometer],tumor_tcell_20230626.211422
127,37200.0,dendritic_3,inactive,0.0,!units[791.5773444158414 micrometer],!units[763.8541485966913 micrometer],tumor_tcell_20230626.211422
128,37800.0,dendritic_0,inactive,0.0,!units[596.1606031981391 micrometer],!units[418.2400323961678 micrometer],tumor_tcell_20230626.211422
129,37800.0,dendritic_3,inactive,0.0,!units[791.5773444158414 micrometer],!units[763.8541485966913 micrometer],tumor_tcell_20230626.211422
130,38400.0,dendritic_0,inactive,0.0,!units[596.1606031981391 micrometer],!units[418.2400323961678 micrometer],tumor_tcell_20230626.211422
131,38400.0,dendritic_3,inactive,0.0,!units[791.5773444158414 micrometer],!units[763.8541485966913 micrometer],tumor_tcell_20230626.211422
132,39000.0,dendritic_0,inactive,0.0,!units[596.1606031981391 micrometer],!units[418.2400323961678 micrometer],tumor_tcell_20230626.211422
133,39000.0,dendritic_3,inactive,0.0,!units[791.5773444158414 micrometer],!units[763.8541485966913 micrometer],tumor_tcell_20230626.211422
134,39600.0,dendritic_0,inactive,0.0,!units[596.1606031981391 micrometer],!units[418.2400323961678 micrometer],tumor_tcell_20230626.211422
135,39600.0,dendritic_3,inactive,0.0,!units[791.5773444158414 micrometer],!units[763.8541485966913 micrometer],tumor_tcell_20230626.211422
136,40200.0,dendritic_0,inactive,0.0,!units[596.1606031981391 micrometer],!units[418.2400323961678 micrometer],tumor_tcell_20230626.211422
137,40200.0,dendritic_3,inactive,0.0,!units[791.5773444158414 micrometer],!units[763.8541485966913 micrometer],tumor_tcell_20230626.211422
138,40800.0,dendritic_0,inactive,0.0,!units[596.1606031981391 micrometer],!units[418.2400323961678 micrometer],tumor_tcell_20230626.211422
139,40800.0,dendritic_3,inactive,0.0,!units[791.5773444158414 micrometer],!units[763.8541485966913 micrometer],tumor_tcell_20230626.211422
140,41400.0,dendritic_0,inactive,0.0,!units[596.1606031981391 micrometer],!units[418.2400323961678 micrometer],tumor_tcell_20230626.211422
141,41400.0,dendritic_3,inactive,0.0,!units[791.5773444158414 micrometer],!units[763.8541485966913 micrometer],tumor_tcell_20230626.211422
142,42000.0,dendritic_0,inactive,0.0,!units[596.1606031981391 micrometer],!units[418.2400323961678 micrometer],tumor_tcell_20230626.211422
143,42000.0,dendritic_3,inactive,0.0,!units[791.5773444158414 micrometer],!units[763.8541485966913 micrometer],tumor_tcell_20230626.211422
144,42600.0,dendritic_0,inactive,0.0,!units[596.1606031981391 micrometer],!units[418.2400323961678 micrometer],tumor_tcell_20230626.211422
145,42600.0,dendritic_3,inactive,0.0,!units[791.5773444158414 micrometer],!units[763.8541485966913 micrometer],tumor_tcell_20230626.211422
146,43200.0,dendritic_0,inactive,0.0,!units[596.1606031981391 micrometer],!units[418.2400323961678 micrometer],tumor_tcell_20230626.211422
147,43200.0,dendritic_3,inactive,0.0,!units[791.5773444158414 micrometer],!units[763.8541485966913 micrometer],tumor_tcell_20230626.211422
148,43800.0,dendritic_0,inactive,0.0,!units[596.1606031981391 micrometer],!units[418.2400323961678 micrometer],tumor_tcell_20230626.211422
149,43800.0,dendritic_3,inactive,0.0,!units[791.5773444158414 micrometer],!units[763.8541485966913 micrometer],tumor_tcell_20230626.211422
150,44400.0,dendritic_0,inactive,0.0,!units[596.1606031981391 micrometer],!units[418.2400323961678 micrometer],tumor_tcell_20230626.211422
151,44400.0,dendritic_3,inactive,0.0,!units[791.5773444158414 micrometer],!units[763.8541485966913 micrometer],tumor_tcell_20230626.211422
152,45000.0,dendritic_0,inactive,0.0,!units[596.1606031981391 micrometer],!units[418.2400323961678 micrometer],tumor_tcell_20230626.211422
153,45000.0,dendritic_3,inactive,0.0,!units[791.5773444158414 micrometer],!units[763.8541485966913 micrometer],tumor_tcell_20230626.211422
154,45600.0,dendritic_0,inactive,0.0,!units[596.1606031981391 micrometer],!units[418.2400323961678 micrometer],tumor_tcell_20230626.211422
155,45600.0,dendritic_3,inactive,0.0,!units[791.5773444158414 micrometer],!units[763.8541485966913 micrometer],tumor_tcell_20230626.211422
156,46200.0,dendritic_0,inactive,0.0,!units[596.1606031981391 micrometer],!units[418.2400323961678 micrometer],tumor_tcell_20230626.211422
157,46200.0,dendritic_3,inactive,0.0,!units[791.5773444158414 micrometer],!units[763.8541485966913 micrometer],tumor_tcell_20230626.211422
158,46800.0,dendritic_0,inactive,0.0,!units[596.1606031981391 micrometer],!units[418.2400323961678 micrometer],tumor_tcell_20230626.211422
159,46800.0,dendritic_3,inactive,0.0,!units[791.5773444158414 micrometer],!units[763.8541485966913 micrometer],tumor_tcell_20230626.211422
160,47400.0,dendritic_0,inactive,0.0,!units[596.1606031981391 micrometer],!units[418.2400323961678 micrometer],tumor_tcell_20230626.211422
161,47400.0,dendritic_3,inactive,0.0,!units[791.5773444158414 micrometer],!units[763.8541485966913 micrometer],tumor_tcell_20230626.211422
162,48000.0,dendritic_0,inactive,0.0,!units[596.1606031981391 micrometer],!units[418.2400323961678 micrometer],tumor_tcell_20230626.211422
163,48000.0,dendritic_3,inactive,0.0,!units[791.5773444158414 micrometer],!units[763.8541485966913 micrometer],tumor_tcell_20230626.211422
164,48600.0,dendritic_0,inactive,0.0,!units[596.1606031981391 micrometer],!units[418.2400323961678 micrometer],tumor_tcell_20230626.211422
165,48600.0,dendritic_3,inactive,0.0,!units[791.5773444158414 micrometer],!units[763.8541485966913 micrometer],tumor_tcell_20230626.211422
166,49200.0,dendritic_0,inactive,0.0,!units[596.1606031981391 micrometer],!units[418.2400323961678 micrometer],tumor_tcell_20230626.211422
167,49200.0,dendritic_3,inactive,0.0,!units[791.5773444158414 micrometer],!units[763.8541485966913 micrometer],tumor_tcell_20230626.211422
168,49800.0,dendritic_0,inactive,0.0,!units[596.1606031981391 micrometer],!units[418.2400323961678 micrometer],tumor_tcell_20230626.211422
169,49800.0,dendritic_3,inactive,0.0,!units[791.5773444158414 micrometer],!units[763.8541485966913 micrometer],tumor_tcell_20230626.211422
170,50400.0,dendritic_0,inactive,0.0,!units[596.1606031981391 micrometer],!units[418.2400323961678 micrometer],tumor_tcell_20230626.211422
171,50400.0,dendritic_3,inactive,0.0,!units[791.5773444158414 micrometer],!units[763.8541485966913 micrometer],tumor_tcell_20230626.211422
172,51000.0,dendritic_0,inactive,0.0,!units[596.1606031981391 micrometer],!units[418.2400323961678 micrometer],tumor_tcell_20230626.211422
173,51000.0,dendritic_3,inactive,0.0,!units[791.5773444158414 micrometer],!units[763.8541485966913 micrometer],tumor_tcell_20230626.211422
174,51600.0,dendritic_0,inactive,0.0,!units[596.1606031981391 micrometer],!units[418.2400323961678 micrometer],tumor_tcell_20230626.211422
175,51600.0,dendritic_3,inactive,0.0,!units[791.5773444158414 micrometer],!units[763.8541485966913 micrometer],tumor_tcell_20230626.211422
176,52200.0,dendritic_0,inactive,0.0,!units[596.1606031981391 micrometer],!units[418.2400323961678 micrometer],tumor_tcell_20230626.211422
177,52200.0,dendritic_3,inactive,0.0,!units[791.5773444158414 micrometer],!units[763.8541485966913 micrometer],tumor_tcell_20230626.211422
178,52800.0,dendritic_0,inactive,0.0,!units[596.1606031981391 micrometer],!units[418.2400323961678 micrometer],tumor_tcell_20230626.211422
179,52800.0,dendritic_3,inactive,0.0,!units[791.5773444158414 micrometer],!units[763.8541485966913 micrometer],tumor_tcell_20230626.211422
180,53400.0,dendritic_0,inactive,0.0,!units[596.1606031981391 micrometer],!units[418.2400323961678 micrometer],tumor_tcell_20230626.211422
181,53400.0,dendritic_3,inactive,0.0,!units[791.5773444158414 micrometer],!units[763.8541485966913 micrometer],tumor_tcell_20230626.211422
182,54000.0,dendritic_0,inactive,0.0,!units[596.1606031981391 micrometer],!units[418.2400323961678 micrometer],tumor_tcell_20230626.211422
183,54000.0,dendritic_3,inactive,0.0,!units[791.5773444158414 micrometer],!units[763.8541485966913 micrometer],tumor_tcell_20230626.211422
184,54600.0,dendritic_0,inactive,0.0,!units[596.1606031981391 micrometer],!units[418.2400323961678 micrometer],tumor_tcell_20230626.211422
185,54600.0,dendritic_3,inactive,0.0,!units[791.5773444158414 micrometer],!units[763.8541485966913 micrometer],tumor_tcell_20230626.211422
186,55200.0,dendritic_0,inactive,0.0,!units[596.1606031981391 micrometer],!units[418.2400323961678 micrometer],tumor_tcell_20230626.211422
187,55200.0,dendritic_3,inactive,0.0,!units[791.5773444158414 micrometer],!units[763.8541485966913 micrometer],tumor_tcell_20230626.211422
188,55800.0,dendritic_0,inactive,0.0,!units[596.1606031981391 micrometer],!units[418.2400323961678 micrometer],tumor_tcell_20230626.211422
189,55800.0,dendritic_3,inactive,0.0,!units[791.5773444158414 micrometer],!units[763.8541485966913 micrometer],tumor_tcell_20230626.211422
190,56400.0,dendritic_0,inactive,0.0,!units[596.1606031981391 micrometer],!units[418.2400323961678 micrometer],tumor_tcell_20230626.211422
191,56400.0,dendritic_3,inactive,0.0,!units[791.5773444158414 micrometer],!units[763.8541485966913 micrometer],tumor_tcell_20230626.211422
192,57000.0,dendritic_0,inactive,0.0,!units[596.1606031981391 micrometer],!units[418.2400323961678 micrometer],tumor_tcell_20230626.211422
193,57000.0,dendritic_3,inactive,0.0,!units[791.5773444158414 micrometer],!units[763.8541485966913 micrometer],tumor_tcell_20230626.211422
194,57600.0,dendritic_0,inactive,0.0,!units[596.1606031981391 micrometer],!units[418.2400323961678 micrometer],tumor_tcell_20230626.211422
195,57600.0,dendritic_3,inactive,0.0,!units[791.5773444158414 micrometer],!units[763.8541485966913 micrometer],tumor_tcell_20230626.211422
196,58200.0,dendritic_0,inactive,0.0,!units[596.1606031981391 micrometer],!units[418.2400323961678 micrometer],tumor_tcell_20230626.211422
197,58200.0,dendritic_3,inactive,0.0,!units[791.5773444158414 micrometer],!units[763.8541485966913 micrometer],tumor_tcell_20230626.211422
198,58800.0,dendritic_0,inactive,0.0,!units[596.1606031981391 micrometer],!units[418.2400323961678 micrometer],tumor_tcell_20230626.211422
199,58800.0,dendritic_3,inactive,0.0,!units[791.5773444158414 micrometer],!units[763.8541485966913 micrometer],tumor_tcell_20230626.211422
200,59400.0,dendritic_0,inactive,0.0,!units[596.1606031981391 micrometer],!units[418.2400323961678 micrometer],tumor_tcell_20230626.211422
201,59400.0,dendritic_3,inactive,0.0,!units[791.5773444158414 micrometer],!units[763.8541485966913 micrometer],tumor_tcell_20230626.211422
202,60000.0,dendritic_0,inactive,0.0,!units[596.1606031981391 micrometer],!units[418.2400323961678 micrometer],tumor_tcell_20230626.211422
203,60000.0,dendritic_3,inactive,0.0,!units[791.5773444158414 micrometer],!units[763.8541485966913 micrometer],tumor_tcell_20230626.211422
204,60600.0,dendritic_0,inactive,0.0,!units[596.1606031981391 micrometer],!units[418.2400323961678 micrometer],tumor_tcell_20230626.211422
205,60600.0,dendritic_3,inactive,0.0,!units[791.5773444158414 micrometer],!units[763.8541485966913 micrometer],tumor_tcell_20230626.211422
206,61200.0,dendritic_0,inactive,0.0,!units[596.1606031981391 micrometer],!units[418.2400323961678 micrometer],tumor_tcell_20230626.211422
207,61200.0,dendritic_3,inactive,0.0,!units[791.5773444158414 micrometer],!units[763.8541485966913 micrometer],tumor_tcell_20230626.211422
208,61800.0,dendritic_0,inactive,0.0,!units[596.1606031981391 micrometer],!units[418.2400323961678 micrometer],tumor_tcell_20230626.211422
209,61800.0,dendritic_3,inactive,0.0,!units[791.5773444158414 micrometer],!units[763.8541485966913 micrometer],tumor_tcell_20230626.211422
210,62400.0,dendritic_0,inactive,0.0,!units[596.1606031981391 micrometer],!units[418.2400323961678 micrometer],tumor_tcell_20230626.211422
211,62400.0,dendritic_3,inactive,0.0,!units[790.0123395836893 micrometer],!units[761.0221955732842 micrometer],tumor_tcell_20230626.211422
212,63000.0,dendritic_0,inactive,0.0,!units[596.1606031981391 micrometer],!units[418.2400323961678 micrometer],tumor_tcell_20230626.211422
213,63000.0,dendritic_3,inactive,0.0,!units[790.0123395836893 micrometer],!units[761.0221955732842 micrometer],tumor_tcell_20230626.211422
214,63600.0,dendritic_0,inactive,0.0,!units[596.1606031981391 micrometer],!units[418.2400323961678 micrometer],tumor_tcell_20230626.211422
215,63600.0,dendritic_3,inactive,0.0,!units[790.0123395836893 micrometer],!units[761.0221955732842 micrometer],tumor_tcell_20230626.211422
216,64200.0,dendritic_0,inactive,0.0,!units[596.1606031981391 micrometer],!units[418.2400323961678 micrometer],tumor_tcell_20230626.211422
217,64200.0,dendritic_3,inactive,0.0,!units[790.0123395836893 micrometer],!units[761.0221955732842 micrometer],tumor_tcell_20230626.211422
218,64800.0,dendritic_0,inactive,0.0,!units[596.1606031981391 micrometer],!units[418.2400323961678 micrometer],tumor_tcell_20230626.211422
219,64800.0,dendritic_3,inactive,0.0,!units[790.0123395836893 micrometer],!units[761.0221955732842 micrometer],tumor_tcell_20230626.211422
220,65400.0,dendritic_0,inactive,0.0,!units[596.1606031981391 micrometer],!units[418.2400323961678 micrometer],tumor_tcell_20230626.211422
221,65400.0,dendritic_3,inactive,0.0,!units[790.0123395836893 micrometer],!units[761.0221955732842 micrometer],tumor_tcell_20230626.211422
222,66000.0,dendritic_0,inactive,0.0,!units[596.1606031981391 micrometer],!units[418.2400323961678 micrometer],tumor_tcell_20230626.211422
223,66000.0,dendritic_3,inactive,0.0,!units[790.0123395836893 micrometer],!units[761.0221955732842 micrometer],tumor_tcell_20230626.211422
224,66600.0,dendritic_0,inactive,0.0,!units[596.1606031981391 micrometer],!units[418.2400323961678 micrometer],tumor_tcell_20230626.211422
225,66600.0,dendritic_3,inactive,0.0,!units[790.0123395836893 micrometer],!units[761.0221955732842 micrometer],tumor_tcell_20230626.211422
226,67200.0,dendritic_0,inactive,0.0,!units[596.1606031981391 micrometer],!units[418.2400323961678 micrometer],tumor_tcell_20230626.211422
227,67200.0,dendritic_3,inactive,0.0,!units[790.0123395836893 micrometer],!units[761.0221955732842 micrometer],tumor_tcell_20230626.211422
228,67800.0,dendritic_0,inactive,0.0,!units[596.1606031981391 micrometer],!units[418.2400323961678 micrometer],tumor_tcell_20230626.211422
229,67800.0,dendritic_3,inactive,0.0,!units[790.0123395836893 micrometer],!units[761.0221955732842 micrometer],tumor_tcell_20230626.211422
230,68400.0,dendritic_0,inactive,0.0,!units[596.1606031981391 micrometer],!units[418.2400323961678 micrometer],tumor_tcell_20230626.211422
231,68400.0,dendritic_3,inactive,0.0,!units[790.0123395836893 micrometer],!units[761.0221955732842 micrometer],tumor_tcell_20230626.211422
232,69000.0,dendritic_0,inactive,0.0,!units[596.1606031981391 micrometer],!units[418.2400323961678 micrometer],tumor_tcell_20230626.211422
233,69000.0,dendritic_3,inactive,0.0,!units[790.0123395836893 micrometer],!units[761.0221955732842 micrometer],tumor_tcell_20230626.211422
234,69600.0,dendritic_0,inactive,0.0,!units[596.1606031981391 micrometer],!units[418.2400323961678 micrometer],tumor_tcell_20230626.211422
235,69600.0,dendritic_3,inactive,0.0,!units[790.0123395836893 micrometer],!units[761.0221955732842 micrometer],tumor_tcell_20230626.211422
236,70200.0,dendritic_0,inactive,0.0,!units[596.1606031981391 micrometer],!units[418.2400323961678 micrometer],tumor_tcell_20230626.211422
237,70200.0,dendritic_3,inactive,0.0,!units[790.0123395836893 micrometer],!units[761.0221955732842 micrometer],tumor_tcell_20230626.211422
238,70800.0,dendritic_0,inactive,0.0,!units[596.1606031981391 micrometer],!units[418.2400323961678 micrometer],tumor_tcell_20230626.211422
239,70800.0,dendritic_3,inactive,0.0,!units[790.0123395836893 micrometer],!units[761.0221955732842 micrometer],tumor_tcell_20230626.211422
240,71400.0,dendritic_0,inactive,0.0,!units[596.1606031981391 micrometer],!units[418.2400323961678 micrometer],tumor_tcell_20230626.211422
241,71400.0,dendritic_3,inactive,0.0,!units[790.0123395836893 micrometer],!units[761.0221955732842 micrometer],tumor_tcell_20230626.211422
242,72000.0,dendritic_0,inactive,0.0,!units[596.1606031981391 micrometer],!units[418.2400323961678 micrometer],tumor_tcell_20230626.211422
243,72000.0,dendritic_3,inactive,0.0,!units[790.0123395836893 micrometer],!units[761.0221955732842 micrometer],tumor_tcell_20230626.211422
244,72600.0,dendritic_0,inactive,0.0,!units[596.1606031981391 micrometer],!units[418.2400323961678 micrometer],tumor_tcell_20230626.211422
245,72600.0,dendritic_3,inactive,0.0,!units[790.0123395836893 micrometer],!units[761.0221955732842 micrometer],tumor_tcell_20230626.211422
246,73200.0,dendritic_0,inactive,0.0,!units[596.1606031981391 micrometer],!units[418.2400323961678 micrometer],tumor_tcell_20230626.211422
247,73200.0,dendritic_3,inactive,0.0,!units[790.0123395836893 micrometer],!units[761.0221955732842 micrometer],tumor_tcell_20230626.211422
248,73800.0,dendritic_0,inactive,0.0,!units[596.1606031981391 micrometer],!units[418.2400323961678 micrometer],tumor_tcell_20230626.211422
249,73800.0,dendritic_3,inactive,0.0,!units[790.0123395836893 micrometer],!units[761.0221955732842 micrometer],tumor_tcell_20230626.211422
250,74400.0,dendritic_0,inactive,0.0,!units[596.1606031981391 micrometer],!units[418.2400323961678 micrometer],tumor_tcell_20230626.211422
251,74400.0,dendritic_3,inactive,0.0,!units[790.0123395836893 micrometer],!units[761.0221955732842 micrometer],tumor_tcell_20230626.211422
252,75000.0,dendritic_0,inactive,0.0,!units[596.1606031981391 micrometer],!units[418.2400323961678 micrometer],tumor_tcell_20230626.211422
253,75000.0,dendritic_3,inactive,0.0,!units[790.0123395836893 micrometer],!units[761.0221955732842 micrometer],tumor_tcell_20230626.211422
254,75600.0,dendritic_0,inactive,0.0,!units[596.1606031981391 micrometer],!units[418.2400323961678 micrometer],tumor_tcell_20230626.211422
255,75600.0,dendritic_3,inactive,0.0,!units[790.0123395836893 micrometer],!units[761.0221955732842 micrometer],tumor_tcell_20230626.211422
256,76200.0,dendritic_0,inactive,0.0,!units[596.1606031981391 micrometer],!units[418.2400323961678 micrometer],tumor_tcell_20230626.211422
257,76200.0,dendritic_3,inactive,0.0,!units[790.0123395836893 micrometer],!units[761.0221955732842 micrometer],tumor_tcell_20230626.211422
258,76800.0,dendritic_0,inactive,0.0,!units[596.1606031981391 micrometer],!units[418.2400323961678 micrometer],tumor_tcell_20230626.211422
259,76800.0,dendritic_3,inactive,0.0,!units[790.0123395836893 micrometer],!units[761.0221955732842 micrometer],tumor_tcell_20230626.211422
260,77400.0,dendritic_0,inactive,0.0,!units[596.1606031981391 micrometer],!units[418.2400323961678 micrometer],tumor_tcell_20230626.211422
261,77400.0,dendritic_3,inactive,0.0,!units[790.0123395836893 micrometer],!units[761.0221955732842 micrometer],tumor_tcell_20230626.211422
262,78000.0,dendritic_0,inactive,0.0,!units[596.1606031981391 micrometer],!units[418.2400323961678 micrometer],tumor_tcell_20230626.211422
263,78000.0,dendritic_3,inactive,0.0,!units[790.0123395836893 micrometer],!units[761.0221955732842 micrometer],tumor_tcell_20230626.211422
264,78600.0,dendritic_0,inactive,0.0,!units[596.1606031981391 micrometer],!units[418.2400323961678 micrometer],tumor_tcell_20230626.211422
265,78600.0,dendritic_3,inactive,0.0,!units[790.0123395836893 micrometer],!units[761.0221955732842 micrometer],tumor_tcell_20230626.211422
266,79200.0,dendritic_0,inactive,0.0,!units[596.1606031981391 micrometer],!units[418.2400323961678 micrometer],tumor_tcell_20230626.211422
267,79200.0,dendritic_3,inactive,0.0,!units[790.0123395836893 micrometer],!units[761.0221955732842 micrometer],tumor_tcell_20230626.211422
268,79800.0,dendritic_0,inactive,0.0,!units[596.1606031981391 micrometer],!units[418.2400323961678 micrometer],tumor_tcell_20230626.211422
269,79800.0,dendritic_3,inactive,0.0,!units[790.0123395836893 micrometer],!units[761.0221955732842 micrometer],tumor_tcell_20230626.211422
270,80400.0,dendritic_0,inactive,0.0,!units[596.1606031981391 micrometer],!units[418.2400323961678 micrometer],tumor_tcell_20230626.211422
271,80400.0,dendritic_3,inactive,0.0,!units[790.0123395836893 micrometer],!units[761.0221955732842 micrometer],tumor_tcell_20230626.211422
272,81000.0,dendritic_0,inactive,0.0,!units[596.5471361697763 micrometer],!units[418.3828267230821 micrometer],tumor_tcell_20230626.211422
273,81000.0,dendritic_3,inactive,0.0,!units[790.0123395836893 micrometer],!units[761.0221955732842 micrometer],tumor_tcell_20230626.211422
274,81600.0,dendritic_0,inactive,0.0,!units[596.599857661917 micrometer],!units[418.4128380923349 micrometer],tumor_tcell_20230626.211422
275,81600.0,dendritic_3,inactive,0.0,!units[790.0123395836893 micrometer],!units[761.0221955732842 micrometer],tumor_tcell_20230626.211422
276,82200.0,dendritic_0,inactive,0.0,!units[596.6002878418219 micrometer],!units[418.4131018713943 micrometer],tumor_tcell_20230626.211422
277,82200.0,dendritic_3,inactive,0.0,!units[790.0123395836893 micrometer],!units[761.0221955732842 micrometer],tumor_tcell_20230626.211422
278,82800.0,dendritic_0,inactive,0.0,!units[596.6111796502322 micrometer],!units[418.41982139628857 micrometer],tumor_tcell_20230626.211422
279,82800.0,dendritic_3,inactive,0.0,!units[790.0123395836893 micrometer],!units[761.0221955732842 micrometer],tumor_tcell_20230626.211422
280,83400.0,dendritic_0,inactive,0.0,!units[596.6111796502322 micrometer],!units[418.41982139628857 micrometer],tumor_tcell_20230626.211422
281,83400.0,dendritic_3,inactive,0.0,!units[790.0123395836893 micrometer],!units[761.0221955732842 micrometer],tumor_tcell_20230626.211422
282,84000.0,dendritic_0,inactive,0.0,!units[596.6120558544419 micrometer],!units[418.4203633972542 micrometer],tumor_tcell_20230626.211422
283,84000.0,dendritic_3,inactive,0.0,!units[790.0123395836893 micrometer],!units[761.0221955732842 micrometer],tumor_tcell_20230626.211422
284,84600.0,dendritic_0,inactive,0.0,!units[596.6120558544419 micrometer],!units[418.4203633972542 micrometer],tumor_tcell_20230626.211422
285,84600.0,dendritic_3,inactive,0.0,!units[790.0123395836893 micrometer],!units[761.0221955732842 micrometer],tumor_tcell_20230626.211422
286,85200.0,dendritic_0,inactive,0.0,!units[596.6120558544419 micrometer],!units[418.4203633972542 micrometer],tumor_tcell_20230626.211422
287,85200.0,dendritic_3,inactive,0.0,!units[790.0123395836893 micrometer],!units[761.0221955732842 micrometer],tumor_tcell_20230626.211422
288,85800.0,dendritic_0,inactive,0.0,!units[596.6382414921185 micrometer],!units[418.4390116354797 micrometer],tumor_tcell_20230626.211422
289,85800.0,dendritic_3,inactive,0.0,!units[790.0123395836893 micrometer],!units[761.0221955732842 micrometer],tumor_tcell_20230626.211422
290,86400.0,dendritic_0,inactive,0.0,!units[596.6382414921185 micrometer],!units[418.4390116354797 micrometer],tumor_tcell_20230626.211422
291,86400.0,dendritic_3,inactive,0.0,!units[790.0123395836893 micrometer],!units[761.0221955732842 micrometer],tumor_tcell_20230626.211422
292,87000.0,dendritic_0,inactive,0.0,!units[596.6382439407944 micrometer],!units[418.4390138481548 micrometer],tumor_tcell_20230626.211422
293,87000.0,dendritic_3,inactive,0.0,!units[790.0123395836893 micrometer],!units[761.0221955732842 micrometer],tumor_tcell_20230626.211422
294,87600.0,dendritic_0,inactive,0.0,!units[596.6382439407944 micrometer],!units[418.4390138481548 micrometer],tumor_tcell_20230626.211422
295,87600.0,dendritic_3,inactive,0.0,!units[790.0123395836893 micrometer],!units[761.0221955732842 micrometer],tumor_tcell_20230626.211422
296,88200.0,dendritic_0,inactive,0.0,!units[596.6382439493975 micrometer],!units[418.4390138559328 micrometer],tumor_tcell_20230626.211422
297,88200.0,dendritic_3,inactive,0.0,!units[790.0123395836893 micrometer],!units[761.0221955732842 micrometer],tumor_tcell_20230626.211422
298,88800.0,dendritic_0,inactive,0.0,!units[596.7167414878385 micrometer],!units[418.52288336845385 micrometer],tumor_tcell_20230626.211422
299,88800.0,dendritic_3,inactive,0.0,!units[790.0123395836893 micrometer],!units[761.0221955732842 micrometer],tumor_tcell_20230626.211422
300,89400.0,dendritic_0,inactive,0.0,!units[596.7688461233637 micrometer],!units[418.5950414214484 micrometer],tumor_tcell_20230626.211422
301,89400.0,dendritic_3,inactive,0.0,!units[790.0123395836893 micrometer],!units[761.0221955732842 micrometer],tumor_tcell_20230626.211422
302,90000.0,dendritic_0,inactive,0.0,!units[596.7691795297967 micrometer],!units[418.5955943781629 micrometer],tumor_tcell_20230626.211422
303,90000.0,dendritic_3,inactive,0.0,!units[790.0123395836893 micrometer],!units[761.0221955732842 micrometer],tumor_tcell_20230626.211422
